image_index,image_id
22,00c1515729a8_image
27,0102b5cac730_image
123,04a0b90d7875_image
130,04cc2f7f4c4b_image
156,05c063f5cef5_image
229,08acae0bf785_image
237,09236f094647_image
275,0a990c89256a_image
312,0bd6cd815ba9_image
376,0eb641cb0dcd_image
423,106632672b95_image
459,11f46d9df786_image
492,12fe8eadded1_image
516,13bf9d719ad1_image
540,149356f04849_image
551,156cb1f5c689_image
572,16bd0ff2f0cd_image
579,1701be774ecb_image
636,19c6397cdec9_image
648,1a0e966f2d57_image
682,1b92142f4362_image
710,1c96d9b08487_image
734,1de0ad5314cc_image
757,1ea01196514a_image
841,221ff464c9fc_image
933,25ff5d625b35_image
938,262dc03560d6_image
946,267a250932bc_image
960,26c6c25e9467_image
1014,296aaf716ae0_image
1037,2a7a456d367e_image
1082,2c130ee08736_image
1142,2ebe16a053fe_image
1162,2f973757eaa4_image
1192,30b18db28900_image
1231,32222cc776a2_image
1277,33a72bfb5ddb_image
1295,343d445230a1_image
1324,3577ee4f26c4_image
1329,35da4a5a0201_image
1331,35e398a5a431_image
1333,35ea2c9841c0_image
1358,36b995a9575c_image
1428,39d52f244db3_image
1458,3b6ad60071d4_image
1489,3cde0ddf01c7_image
1493,3d047361508c_image
1494,3d0bac303fc8_image
1496,3d12cb6aad8b_image
1498,3d19da0d4ee6_image
1500,3d2224cb6bb7_image
1549,3f0879b045e7_image
1624,424118f1afc8_image
1690,44d7b2e7b0f9_image
1715,45ff2dfff073_image
1724,467f412db5c4_image
1793,49664f078f0e_image
1829,4b2f144a1a8b_image
1830,4b310bbd3cb1_image
1861,4c414b793562_image
1871,4cbc17936e7d_image
1877,4cebe94f1fa3_image
1878,4cf41c062d0c_image
1980,505693d77a18_image
1995,50f29acd37a6_image
2018,51d04316f2c9_image
2101,550f057ee0b0_image
2110,55839276a9c9_image
2139,56ed68c28819_image
2166,57faddfc733e_image
2170,581fd56bc4bf_image
2172,582c442e440b_image
2204,59bd5a00b33e_image
2297,5d395fff6278_image
2365,608d574388ba_image
2381,611348a721f7_image
2398,61d0f2ca0ddd_image
2438,6366191bfe49_image
2469,646a6a0a9bf2_image
2490,6534a837497d_image
2540,66dabc6f972d_image
2547,6728e11290af_image
2574,684230477525_image
2596,68fcf433c6fe_image
2610,6970c59656c9_image
2687,6d36ffbc7864_image
2696,6ddf030ec946_image
2713,6e5946091b8a_image
2718,6e9fad584bff_image
2733,6f54e9cbd180_image
2737,6f749e2783e1_image
2749,6ff218d10741_image
2786,717ea5155b46_image
2811,725328925e0f_image
2820,72cf260ddf4c_image
2823,72e5fbd61953_image
2871,744427c7dff8_image
2901,75b52bec817f_image
2911,75f207c4945d_image
2919,7626c521cad7_image
2937,76c66ee8e58d_image
2956,779f0040d1b2_image
2975,783b1efb5675_image
3121,7e4a4ef3ff9f_image
3141,7f1924880cf8_image
3156,7f9c98b88aec_image
3179,8093df07a5d0_image
3309,866e3622cb24_image
3312,869476b0763a_image
3361,88e7702b49c4_image
3392,8a38c00672d5_image
3425,8b55ea197c78_image
3451,8c7bdccb65ed_image
3456,8cbf85033da8_image
3473,8d4b3609ed92_image
3495,8df453b7557c_image
3606,91f72df96e13_image
3754,9872a8a48f23_image
3764,990216aa9f08_image
3769,9939f63af4ff_image
3789,99f3642f50f5_image
3793,9a335ce0bca4_image
3806,9a9d89ca4aa0_image
3821,9b1de1c45491_image
3840,9c0633ef606b_image
3854,9cdc2af4fbb0_image
3902,9f180629878a_image
3908,9f50edab452b_image
3918,9fcbe25a88e0_image
3948,a174a4f6c807_image
3961,a2429a60f3ea_image
3968,a27a126be5c1_image
3984,a323f1604ae2_image
3996,a39667fe9a81_image
4043,a57bf6dd6119_image
4044,a5a364383f34_image
4048,a5bbd30ed109_image
4114,a8013eaf16c1_image
4140,a94171e98807_image
4144,a9704ce54780_image
4172,aad814e52627_image
4189,ab55abb953d1_image
4335,b0fd33e251f5_image
4340,b121806162c3_image
4402,b3ffe59e37c7_image
4437,b5a415f70aa9_image
4438,b5aa6189d142_image
4449,b622f84403da_image
4487,b77430575510_image
4516,b814a1e29517_image
4552,b97c6b32105e_image
4556,b989acc3c046_image
4570,ba375ad92c5f_image
4602,bb36f3d3ac71_image
4608,bb52c80c7f45_image
4654,bd4b6cfeddee_image
4682,be65d1a22de5_image
4698,bee62c601ae9_image
4703,bf2417586cf2_image
4730,bfefe70b56ca_image
4733,c00c7e8b673c_image
4739,c0400d0e413d_image
4807,c3510a436bff_image
4814,c3a09e8a600d_image
4842,c4b2940d2334_image
4845,c4b68b29a072_image
4881,c636ac67c19a_image
4902,c6e92e59a0ae_image
4909,c72e26e9ecae_image
4941,c843d08b49b8_image
4976,c9a028b48504_image
4977,c9a9e5e120bd_image
5050,cc69791740bb_image
5052,cc708f2aaffe_image
5116,ce51b397b1a6_image
5133,cf0cdff4ef2e_image
5195,d19ed8d811ad_image
5227,d27bca58e388_image
5272,d4131bd4e64a_image
5301,d540d6c2a425_image
5432,daa9bddc5fe6_image
5433,daae293a8b40_image
5468,dbc311ed04b5_image
5487,dcb374d8387e_image
5511,ddb051c1233b_image
5535,de94a43e947f_image
5544,deea6d6f81a5_image
5549,df2bb22fa871_image
5551,df3d32c8df06_image
5553,df4f1240317e_image
5564,dfd9078a4c6d_image
5566,e007bc90c441_image
5570,e01d23a04187_image
5589,e0e1e1462e56_image
5670,e3e2f20e0264_image
5672,e3f8e3a3baa3_image
5686,e496735126c2_image
5689,e4a78ff8fa73_image
5719,e5fc2fa92e65_image
5721,e60a47d36e62_image
5739,e704aebd4ca5_image
5742,e738c549fe8e_image
5755,e7e072c73e1d_image
5807,ea2117b53323_image
5909,eea3a910fa9e_image
5915,eef757610245_image
5927,ef690fe6f288_image
5928,ef6e312ca719_image
5965,f13f9ace0a9a_image
6061,f5451a98d684_image
6065,f577c6fb0f49_image
6098,f689d30c2f86_image
6135,f7f759f7a4f1_image
6174,f9a92f1ba934_image
6189,fa3a7fe547ca_image
6194,fa5e3f933004_image
6239,fc44ab5de22c_image
